Image1,Image2,TranslationX,TranslationY
image0,image1,-950.8469625800662,-132.7925354720706
image1,image2,-958.7299323130704,-128.67731180458688
