Image1,Image2,TranslationX,TranslationY
image0,image1,9.090828988100347,846.9281267951936
image1,image2,6.701093795048123,867.3862412050655
